firstName,lastName,email
Resident0001,City0001,resident0001@example.com
Resident0002,City0002,resident0002@example.com
Resident0003,City0003,resident0003@example.com
Resident0004,City0004,resident0004@example.com
Resident0005,City0005,resident0005@example.com
Resident0006,City0006,resident0006@example.com
Resident0007,City0007,resident0007@example.com
Resident0008,City0008,resident0008@example.com
Resident0009,City0009,resident0009@example.com
Resident0010,City0010,resident0010@example.com
Resident0011,City0011,resident0011@example.com
Resident0012,City0012,resident0012@example.com
Resident0013,City0013,resident0013@example.com
Resident0014,City0014,resident0014@example.com
Resident0015,City0015,resident0015@example.com
Resident0016,City0016,resident0016@example.com
Resident0017,City0017,resident0017@example.com
Resident0018,City0018,resident0018@example.com
Resident0019,City0019,resident0019@example.com
Resident0020,City0020,resident0020@example.com
Resident0021,City0021,resident0021@example.com
Resident0022,City0022,resident0022@example.com
Resident0023,City0023,resident0023@example.com
Resident0024,City0024,resident0024@example.com
Resident0025,City0025,resident0025@example.com
Resident0026,City0026,resident0026@example.com
Resident0027,City0027,resident0027@example.com
Resident0028,City0028,resident0028@example.com
Resident0029,City0029,resident0029@example.com
Resident0030,City0030,resident0030@example.com
Resident0031,City0031,resident0031@example.com
Resident0032,City0032,resident0032@example.com
Resident0033,City0033,resident0033@example.com
Resident0034,City0034,resident0034@example.com
Resident0035,City0035,resident0035@example.com
Resident0036,City0036,resident0036@example.com
Resident0037,City0037,resident0037@example.com
Resident0038,City0038,resident0038@example.com
Resident0039,City0039,resident0039@example.com
Resident0040,City0040,resident0040@example.com
Resident0041,City0041,resident0041@example.com
Resident0042,City0042,resident0042@example.com
Resident0043,City0043,resident0043@example.com
Resident0044,City0044,resident0044@example.com
Resident0045,City0045,resident0045@example.com
Resident0046,City0046,resident0046@example.com
Resident0047,City0047,resident0047@example.com
Resident0048,City0048,resident0048@example.com
Resident0049,City0049,resident0049@example.com
Resident0050,City0050,resident0050@example.com
Resident0051,City0051,resident0051@example.com
Resident0052,City0052,resident0052@example.com
Resident0053,City0053,resident0053@example.com
Resident0054,City0054,resident0054@example.com
Resident0055,City0055,resident0055@example.com
Resident0056,City0056,resident0056@example.com
Resident0057,City0057,resident0057@example.com
Resident0058,City0058,resident0058@example.com
Resident0059,City0059,resident0059@example.com
Resident0060,City0060,resident0060@example.com
Resident0061,City0061,resident0061@example.com
Resident0062,City0062,resident0062@example.com
Resident0063,City0063,resident0063@example.com
Resident0064,City0064,resident0064@example.com
Resident0065,City0065,resident0065@example.com
Resident0066,City0066,resident0066@example.com
Resident0067,City0067,resident0067@example.com
Resident0068,City0068,resident0068@example.com
Resident0069,City0069,resident0069@example.com
Resident0070,City0070,resident0070@example.com
Resident0071,City0071,resident0071@example.com
Resident0072,City0072,resident0072@example.com
Resident0073,City0073,resident0073@example.com
Resident0074,City0074,resident0074@example.com
Resident0075,City0075,resident0075@example.com
Resident0076,City0076,resident0076@example.com
Resident0077,City0077,resident0077@example.com
Resident0078,City0078,resident0078@example.com
Resident0079,City0079,resident0079@example.com
Resident0080,City0080,resident0080@example.com
Resident0081,City0081,resident0081@example.com
Resident0082,City0082,resident0082@example.com
Resident0083,City0083,resident0083@example.com
Resident0084,City0084,resident0084@example.com
Resident0085,City0085,resident0085@example.com
Resident0086,City0086,resident0086@example.com
Resident0087,City0087,resident0087@example.com
Resident0088,City0088,resident0088@example.com
Resident0089,City0089,resident0089@example.com
Resident0090,City0090,resident0090@example.com
Resident0091,City0091,resident0091@example.com
Resident0092,City0092,resident0092@example.com
Resident0093,City0093,resident0093@example.com
Resident0094,City0094,resident0094@example.com
Resident0095,City0095,resident0095@example.com
Resident0096,City0096,resident0096@example.com
Resident0097,City0097,resident0097@example.com
Resident0098,City0098,resident0098@example.com
Resident0099,City0099,resident0099@example.com
Resident0100,City0100,resident0100@example.com
Resident0101,City0101,resident0101@example.com
Resident0102,City0102,resident0102@example.com
Resident0103,City0103,resident0103@example.com
Resident0104,City0104,resident0104@example.com
Resident0105,City0105,resident0105@example.com
Resident0106,City0106,resident0106@example.com
Resident0107,City0107,resident0107@example.com
Resident0108,City0108,resident0108@example.com
Resident0109,City0109,resident0109@example.com
Resident0110,City0110,resident0110@example.com
Resident0111,City0111,resident0111@example.com
Resident0112,City0112,resident0112@example.com
Resident0113,City0113,resident0113@example.com
Resident0114,City0114,resident0114@example.com
Resident0115,City0115,resident0115@example.com
Resident0116,City0116,resident0116@example.com
Resident0117,City0117,resident0117@example.com
Resident0118,City0118,resident0118@example.com
Resident0119,City0119,resident0119@example.com
Resident0120,City0120,resident0120@example.com
Resident0121,City0121,resident0121@example.com
Resident0122,City0122,resident0122@example.com
Resident0123,City0123,resident0123@example.com
Resident0124,City0124,resident0124@example.com
Resident0125,City0125,resident0125@example.com
Resident0126,City0126,resident0126@example.com
Resident0127,City0127,resident0127@example.com
Resident0128,City0128,resident0128@example.com
Resident0129,City0129,resident0129@example.com
Resident0130,City0130,resident0130@example.com
Resident0131,City0131,resident0131@example.com
Resident0132,City0132,resident0132@example.com
Resident0133,City0133,resident0133@example.com
Resident0134,City0134,resident0134@example.com
Resident0135,City0135,resident0135@example.com
Resident0136,City0136,resident0136@example.com
Resident0137,City0137,resident0137@example.com
Resident0138,City0138,resident0138@example.com
Resident0139,City0139,resident0139@example.com
Resident0140,City0140,resident0140@example.com
Resident0141,City0141,resident0141@example.com
Resident0142,City0142,resident0142@example.com
Resident0143,City0143,resident0143@example.com
Resident0144,City0144,resident0144@example.com
Resident0145,City0145,resident0145@example.com
Resident0146,City0146,resident0146@example.com
Resident0147,City0147,resident0147@example.com
Resident0148,City0148,resident0148@example.com
Resident0149,City0149,resident0149@example.com
Resident0150,City0150,resident0150@example.com
Resident0151,City0151,resident0151@example.com
Resident0152,City0152,resident0152@example.com
Resident0153,City0153,resident0153@example.com
Resident0154,City0154,resident0154@example.com
Resident0155,City0155,resident0155@example.com
Resident0156,City0156,resident0156@example.com
Resident0157,City0157,resident0157@example.com
Resident0158,City0158,resident0158@example.com
Resident0159,City0159,resident0159@example.com
Resident0160,City0160,resident0160@example.com
Resident0161,City0161,resident0161@example.com
Resident0162,City0162,resident0162@example.com
Resident0163,City0163,resident0163@example.com
Resident0164,City0164,resident0164@example.com
Resident0165,City0165,resident0165@example.com
Resident0166,City0166,resident0166@example.com
Resident0167,City0167,resident0167@example.com
Resident0168,City0168,resident0168@example.com
Resident0169,City0169,resident0169@example.com
Resident0170,City0170,resident0170@example.com
Resident0171,City0171,resident0171@example.com
Resident0172,City0172,resident0172@example.com
Resident0173,City0173,resident0173@example.com
Resident0174,City0174,resident0174@example.com
Resident0175,City0175,resident0175@example.com
Resident0176,City0176,resident0176@example.com
Resident0177,City0177,resident0177@example.com
Resident0178,City0178,resident0178@example.com
Resident0179,City0179,resident0179@example.com
Resident0180,City0180,resident0180@example.com
Resident0181,City0181,resident0181@example.com
Resident0182,City0182,resident0182@example.com
Resident0183,City0183,resident0183@example.com
Resident0184,City0184,resident0184@example.com
Resident0185,City0185,resident0185@example.com
Resident0186,City0186,resident0186@example.com
Resident0187,City0187,resident0187@example.com
Resident0188,City0188,resident0188@example.com
Resident0189,City0189,resident0189@example.com
Resident0190,City0190,resident0190@example.com
Resident0191,City0191,resident0191@example.com
Resident0192,City0192,resident0192@example.com
Resident0193,City0193,resident0193@example.com
Resident0194,City0194,resident0194@example.com
Resident0195,City0195,resident0195@example.com
Resident0196,City0196,resident0196@example.com
Resident0197,City0197,resident0197@example.com
Resident0198,City0198,resident0198@example.com
Resident0199,City0199,resident0199@example.com
Resident0200,City0200,resident0200@example.com
Resident0201,City0201,resident0201@example.com
Resident0202,City0202,resident0202@example.com
Resident0203,City0203,resident0203@example.com
Resident0204,City0204,resident0204@example.com
Resident0205,City0205,resident0205@example.com
Resident0206,City0206,resident0206@example.com
Resident0207,City0207,resident0207@example.com
Resident0208,City0208,resident0208@example.com
Resident0209,City0209,resident0209@example.com
Resident0210,City0210,resident0210@example.com
Resident0211,City0211,resident0211@example.com
Resident0212,City0212,resident0212@example.com
Resident0213,City0213,resident0213@example.com
Resident0214,City0214,resident0214@example.com
Resident0215,City0215,resident0215@example.com
Resident0216,City0216,resident0216@example.com
Resident0217,City0217,resident0217@example.com
Resident0218,City0218,resident0218@example.com
Resident0219,City0219,resident0219@example.com
Resident0220,City0220,resident0220@example.com
Resident0221,City0221,resident0221@example.com
Resident0222,City0222,resident0222@example.com
Resident0223,City0223,resident0223@example.com
Resident0224,City0224,resident0224@example.com
Resident0225,City0225,resident0225@example.com
Resident0226,City0226,resident0226@example.com
Resident0227,City0227,resident0227@example.com
Resident0228,City0228,resident0228@example.com
Resident0229,City0229,resident0229@example.com
Resident0230,City0230,resident0230@example.com
Resident0231,City0231,resident0231@example.com
Resident0232,City0232,resident0232@example.com
Resident0233,City0233,resident0233@example.com
Resident0234,City0234,resident0234@example.com
Resident0235,City0235,resident0235@example.com
Resident0236,City0236,resident0236@example.com
Resident0237,City0237,resident0237@example.com
Resident0238,City0238,resident0238@example.com
Resident0239,City0239,resident0239@example.com
Resident0240,City0240,resident0240@example.com
Resident0241,City0241,resident0241@example.com
Resident0242,City0242,resident0242@example.com
Resident0243,City0243,resident0243@example.com
Resident0244,City0244,resident0244@example.com
Resident0245,City0245,resident0245@example.com
Resident0246,City0246,resident0246@example.com
Resident0247,City0247,resident0247@example.com
Resident0248,City0248,resident0248@example.com
Resident0249,City0249,resident0249@example.com
Resident0250,City0250,resident0250@example.com
Resident0251,City0251,resident0251@example.com
Resident0252,City0252,resident0252@example.com
Resident0253,City0253,resident0253@example.com
Resident0254,City0254,resident0254@example.com
Resident0255,City0255,resident0255@example.com
Resident0256,City0256,resident0256@example.com
Resident0257,City0257,resident0257@example.com
Resident0258,City0258,resident0258@example.com
Resident0259,City0259,resident0259@example.com
Resident0260,City0260,resident0260@example.com
Resident0261,City0261,resident0261@example.com
Resident0262,City0262,resident0262@example.com
Resident0263,City0263,resident0263@example.com
Resident0264,City0264,resident0264@example.com
Resident0265,City0265,resident0265@example.com
Resident0266,City0266,resident0266@example.com
Resident0267,City0267,resident0267@example.com
Resident0268,City0268,resident0268@example.com
Resident0269,City0269,resident0269@example.com
Resident0270,City0270,resident0270@example.com
Resident0271,City0271,resident0271@example.com
Resident0272,City0272,resident0272@example.com
Resident0273,City0273,resident0273@example.com
Resident0274,City0274,resident0274@example.com
Resident0275,City0275,resident0275@example.com
Resident0276,City0276,resident0276@example.com
Resident0277,City0277,resident0277@example.com
Resident0278,City0278,resident0278@example.com
Resident0279,City0279,resident0279@example.com
Resident0280,City0280,resident0280@example.com
Resident0281,City0281,resident0281@example.com
Resident0282,City0282,resident0282@example.com
Resident0283,City0283,resident0283@example.com
Resident0284,City0284,resident0284@example.com
Resident0285,City0285,resident0285@example.com
Resident0286,City0286,resident0286@example.com
Resident0287,City0287,resident0287@example.com
Resident0288,City0288,resident0288@example.com
Resident0289,City0289,resident0289@example.com
Resident0290,City0290,resident0290@example.com
Resident0291,City0291,resident0291@example.com
Resident0292,City0292,resident0292@example.com
Resident0293,City0293,resident0293@example.com
Resident0294,City0294,resident0294@example.com
Resident0295,City0295,resident0295@example.com
Resident0296,City0296,resident0296@example.com
Resident0297,City0297,resident0297@example.com
Resident0298,City0298,resident0298@example.com
Resident0299,City0299,resident0299@example.com
Resident0300,City0300,resident0300@example.com
Resident0301,City0301,resident0301@example.com
Resident0302,City0302,resident0302@example.com
Resident0303,City0303,resident0303@example.com
Resident0304,City0304,resident0304@example.com
Resident0305,City0305,resident0305@example.com
Resident0306,City0306,resident0306@example.com
Resident0307,City0307,resident0307@example.com
Resident0308,City0308,resident0308@example.com
Resident0309,City0309,resident0309@example.com
Resident0310,City0310,resident0310@example.com
Resident0311,City0311,resident0311@example.com
Resident0312,City0312,resident0312@example.com
Resident0313,City0313,resident0313@example.com
Resident0314,City0314,resident0314@example.com
Resident0315,City0315,resident0315@example.com
Resident0316,City0316,resident0316@example.com
Resident0317,City0317,resident0317@example.com
Resident0318,City0318,resident0318@example.com
Resident0319,City0319,resident0319@example.com
Resident0320,City0320,resident0320@example.com
Resident0321,City0321,resident0321@example.com
Resident0322,City0322,resident0322@example.com
Resident0323,City0323,resident0323@example.com
Resident0324,City0324,resident0324@example.com
Resident0325,City0325,resident0325@example.com
Resident0326,City0326,resident0326@example.com
Resident0327,City0327,resident0327@example.com
Resident0328,City0328,resident0328@example.com
Resident0329,City0329,resident0329@example.com
Resident0330,City0330,resident0330@example.com
Resident0331,City0331,resident0331@example.com
Resident0332,City0332,resident0332@example.com
Resident0333,City0333,resident0333@example.com
Resident0334,City0334,resident0334@example.com
Resident0335,City0335,resident0335@example.com
Resident0336,City0336,resident0336@example.com
Resident0337,City0337,resident0337@example.com
Resident0338,City0338,resident0338@example.com
Resident0339,City0339,resident0339@example.com
Resident0340,City0340,resident0340@example.com
Resident0341,City0341,resident0341@example.com
Resident0342,City0342,resident0342@example.com
Resident0343,City0343,resident0343@example.com
Resident0344,City0344,resident0344@example.com
Resident0345,City0345,resident0345@example.com
Resident0346,City0346,resident0346@example.com
Resident0347,City0347,resident0347@example.com
Resident0348,City0348,resident0348@example.com
Resident0349,City0349,resident0349@example.com
Resident0350,City0350,resident0350@example.com
Resident0351,City0351,resident0351@example.com
Resident0352,City0352,resident0352@example.com
Resident0353,City0353,resident0353@example.com
Resident0354,City0354,resident0354@example.com
Resident0355,City0355,resident0355@example.com
Resident0356,City0356,resident0356@example.com
Resident0357,City0357,resident0357@example.com
Resident0358,City0358,resident0358@example.com
Resident0359,City0359,resident0359@example.com
Resident0360,City0360,resident0360@example.com
Resident0361,City0361,resident0361@example.com
Resident0362,City0362,resident0362@example.com
Resident0363,City0363,resident0363@example.com
Resident0364,City0364,resident0364@example.com
Resident0365,City0365,resident0365@example.com
Resident0366,City0366,resident0366@example.com
Resident0367,City0367,resident0367@example.com
Resident0368,City0368,resident0368@example.com
Resident0369,City0369,resident0369@example.com
Resident0370,City0370,resident0370@example.com
Resident0371,City0371,resident0371@example.com
Resident0372,City0372,resident0372@example.com
Resident0373,City0373,resident0373@example.com
Resident0374,City0374,resident0374@example.com
Resident0375,City0375,resident0375@example.com
Resident0376,City0376,resident0376@example.com
Resident0377,City0377,resident0377@example.com
Resident0378,City0378,resident0378@example.com
Resident0379,City0379,resident0379@example.com
Resident0380,City0380,resident0380@example.com
Resident0381,City0381,resident0381@example.com
Resident0382,City0382,resident0382@example.com
Resident0383,City0383,resident0383@example.com
Resident0384,City0384,resident0384@example.com
Resident0385,City0385,resident0385@example.com
Resident0386,City0386,resident0386@example.com
Resident0387,City0387,resident0387@example.com
Resident0388,City0388,resident0388@example.com
Resident0389,City0389,resident0389@example.com
Resident0390,City0390,resident0390@example.com
Resident0391,City0391,resident0391@example.com
Resident0392,City0392,resident0392@example.com
Resident0393,City0393,resident0393@example.com
Resident0394,City0394,resident0394@example.com
Resident0395,City0395,resident0395@example.com
Resident0396,City0396,resident0396@example.com
Resident0397,City0397,resident0397@example.com
Resident0398,City0398,resident0398@example.com
Resident0399,City0399,resident0399@example.com
Resident0400,City0400,resident0400@example.com
Resident0401,City0401,resident0401@example.com
Resident0402,City0402,resident0402@example.com
Resident0403,City0403,resident0403@example.com
Resident0404,City0404,resident0404@example.com
Resident0405,City0405,resident0405@example.com
Resident0406,City0406,resident0406@example.com
Resident0407,City0407,resident0407@example.com
Resident0408,City0408,resident0408@example.com
Resident0409,City0409,resident0409@example.com
Resident0410,City0410,resident0410@example.com
Resident0411,City0411,resident0411@example.com
Resident0412,City0412,resident0412@example.com
Resident0413,City0413,resident0413@example.com
Resident0414,City0414,resident0414@example.com
Resident0415,City0415,resident0415@example.com
Resident0416,City0416,resident0416@example.com
Resident0417,City0417,resident0417@example.com
Resident0418,City0418,resident0418@example.com
Resident0419,City0419,resident0419@example.com
Resident0420,City0420,resident0420@example.com
Resident0421,City0421,resident0421@example.com
Resident0422,City0422,resident0422@example.com
Resident0423,City0423,resident0423@example.com
Resident0424,City0424,resident0424@example.com
Resident0425,City0425,resident0425@example.com
Resident0426,City0426,resident0426@example.com
Resident0427,City0427,resident0427@example.com
Resident0428,City0428,resident0428@example.com
Resident0429,City0429,resident0429@example.com
Resident0430,City0430,resident0430@example.com
Resident0431,City0431,resident0431@example.com
Resident0432,City0432,resident0432@example.com
Resident0433,City0433,resident0433@example.com
Resident0434,City0434,resident0434@example.com
Resident0435,City0435,resident0435@example.com
Resident0436,City0436,resident0436@example.com
Resident0437,City0437,resident0437@example.com
Resident0438,City0438,resident0438@example.com
Resident0439,City0439,resident0439@example.com
Resident0440,City0440,resident0440@example.com
Resident0441,City0441,resident0441@example.com
Resident0442,City0442,resident0442@example.com
Resident0443,City0443,resident0443@example.com
Resident0444,City0444,resident0444@example.com
Resident0445,City0445,resident0445@example.com
Resident0446,City0446,resident0446@example.com
Resident0447,City0447,resident0447@example.com
Resident0448,City0448,resident0448@example.com
Resident0449,City0449,resident0449@example.com
Resident0450,City0450,resident0450@example.com
Resident0451,City0451,resident0451@example.com
Resident0452,City0452,resident0452@example.com
Resident0453,City0453,resident0453@example.com
Resident0454,City0454,resident0454@example.com
Resident0455,City0455,resident0455@example.com
Resident0456,City0456,resident0456@example.com
Resident0457,City0457,resident0457@example.com
Resident0458,City0458,resident0458@example.com
Resident0459,City0459,resident0459@example.com
Resident0460,City0460,resident0460@example.com
Resident0461,City0461,resident0461@example.com
Resident0462,City0462,resident0462@example.com
Resident0463,City0463,resident0463@example.com
Resident0464,City0464,resident0464@example.com
Resident0465,City0465,resident0465@example.com
Resident0466,City0466,resident0466@example.com
Resident0467,City0467,resident0467@example.com
Resident0468,City0468,resident0468@example.com
Resident0469,City0469,resident0469@example.com
Resident0470,City0470,resident0470@example.com
Resident0471,City0471,resident0471@example.com
Resident0472,City0472,resident0472@example.com
Resident0473,City0473,resident0473@example.com
Resident0474,City0474,resident0474@example.com
Resident0475,City0475,resident0475@example.com
Resident0476,City0476,resident0476@example.com
Resident0477,City0477,resident0477@example.com
Resident0478,City0478,resident0478@example.com
Resident0479,City0479,resident0479@example.com
Resident0480,City0480,resident0480@example.com
Resident0481,City0481,resident0481@example.com
Resident0482,City0482,resident0482@example.com
Resident0483,City0483,resident0483@example.com
Resident0484,City0484,resident0484@example.com
Resident0485,City0485,resident0485@example.com
Resident0486,City0486,resident0486@example.com
Resident0487,City0487,resident0487@example.com
Resident0488,City0488,resident0488@example.com
Resident0489,City0489,resident0489@example.com
Resident0490,City0490,resident0490@example.com
Resident0491,City0491,resident0491@example.com
Resident0492,City0492,resident0492@example.com
Resident0493,City0493,resident0493@example.com
Resident0494,City0494,resident0494@example.com
Resident0495,City0495,resident0495@example.com
Resident0496,City0496,resident0496@example.com
Resident0497,City0497,resident0497@example.com
Resident0498,City0498,resident0498@example.com
Resident0499,City0499,resident0499@example.com
Resident0500,City0500,resident0500@example.com
Resident0501,City0501,resident0501@example.com
Resident0502,City0502,resident0502@example.com
Resident0503,City0503,resident0503@example.com
Resident0504,City0504,resident0504@example.com
Resident0505,City0505,resident0505@example.com
Resident0506,City0506,resident0506@example.com
Resident0507,City0507,resident0507@example.com
Resident0508,City0508,resident0508@example.com
Resident0509,City0509,resident0509@example.com
Resident0510,City0510,resident0510@example.com
Resident0511,City0511,resident0511@example.com
Resident0512,City0512,resident0512@example.com
Resident0513,City0513,resident0513@example.com
Resident0514,City0514,resident0514@example.com
Resident0515,City0515,resident0515@example.com
Resident0516,City0516,resident0516@example.com
Resident0517,City0517,resident0517@example.com
Resident0518,City0518,resident0518@example.com
Resident0519,City0519,resident0519@example.com
Resident0520,City0520,resident0520@example.com
Resident0521,City0521,resident0521@example.com
Resident0522,City0522,resident0522@example.com
Resident0523,City0523,resident0523@example.com
Resident0524,City0524,resident0524@example.com
Resident0525,City0525,resident0525@example.com
Resident0526,City0526,resident0526@example.com
Resident0527,City0527,resident0527@example.com
Resident0528,City0528,resident0528@example.com
Resident0529,City0529,resident0529@example.com
Resident0530,City0530,resident0530@example.com
Resident0531,City0531,resident0531@example.com
Resident0532,City0532,resident0532@example.com
Resident0533,City0533,resident0533@example.com
Resident0534,City0534,resident0534@example.com
Resident0535,City0535,resident0535@example.com
Resident0536,City0536,resident0536@example.com
Resident0537,City0537,resident0537@example.com
Resident0538,City0538,resident0538@example.com
Resident0539,City0539,resident0539@example.com
Resident0540,City0540,resident0540@example.com
Resident0541,City0541,resident0541@example.com
Resident0542,City0542,resident0542@example.com
Resident0543,City0543,resident0543@example.com
Resident0544,City0544,resident0544@example.com
Resident0545,City0545,resident0545@example.com
Resident0546,City0546,resident0546@example.com
Resident0547,City0547,resident0547@example.com
Resident0548,City0548,resident0548@example.com
Resident0549,City0549,resident0549@example.com
Resident0550,City0550,resident0550@example.com
Resident0551,City0551,resident0551@example.com
Resident0552,City0552,resident0552@example.com
Resident0553,City0553,resident0553@example.com
Resident0554,City0554,resident0554@example.com
Resident0555,City0555,resident0555@example.com
Resident0556,City0556,resident0556@example.com
Resident0557,City0557,resident0557@example.com
Resident0558,City0558,resident0558@example.com
Resident0559,City0559,resident0559@example.com
Resident0560,City0560,resident0560@example.com
Resident0561,City0561,resident0561@example.com
Resident0562,City0562,resident0562@example.com
Resident0563,City0563,resident0563@example.com
Resident0564,City0564,resident0564@example.com
Resident0565,City0565,resident0565@example.com
Resident0566,City0566,resident0566@example.com
Resident0567,City0567,resident0567@example.com
Resident0568,City0568,resident0568@example.com
Resident0569,City0569,resident0569@example.com
Resident0570,City0570,resident0570@example.com
Resident0571,City0571,resident0571@example.com
Resident0572,City0572,resident0572@example.com
Resident0573,City0573,resident0573@example.com
Resident0574,City0574,resident0574@example.com
Resident0575,City0575,resident0575@example.com
Resident0576,City0576,resident0576@example.com
Resident0577,City0577,resident0577@example.com
Resident0578,City0578,resident0578@example.com
Resident0579,City0579,resident0579@example.com
Resident0580,City0580,resident0580@example.com
Resident0581,City0581,resident0581@example.com
Resident0582,City0582,resident0582@example.com
Resident0583,City0583,resident0583@example.com
Resident0584,City0584,resident0584@example.com
Resident0585,City0585,resident0585@example.com
Resident0586,City0586,resident0586@example.com
Resident0587,City0587,resident0587@example.com
Resident0588,City0588,resident0588@example.com
Resident0589,City0589,resident0589@example.com
Resident0590,City0590,resident0590@example.com
Resident0591,City0591,resident0591@example.com
Resident0592,City0592,resident0592@example.com
Resident0593,City0593,resident0593@example.com
Resident0594,City0594,resident0594@example.com
Resident0595,City0595,resident0595@example.com
Resident0596,City0596,resident0596@example.com
Resident0597,City0597,resident0597@example.com
Resident0598,City0598,resident0598@example.com
Resident0599,City0599,resident0599@example.com
Resident0600,City0600,resident0600@example.com
Resident0601,City0601,resident0601@example.com
Resident0602,City0602,resident0602@example.com
Resident0603,City0603,resident0603@example.com
Resident0604,City0604,resident0604@example.com
Resident0605,City0605,resident0605@example.com
Resident0606,City0606,resident0606@example.com
Resident0607,City0607,resident0607@example.com
Resident0608,City0608,resident0608@example.com
Resident0609,City0609,resident0609@example.com
Resident0610,City0610,resident0610@example.com
Resident0611,City0611,resident0611@example.com
Resident0612,City0612,resident0612@example.com
Resident0613,City0613,resident0613@example.com
Resident0614,City0614,resident0614@example.com
Resident0615,City0615,resident0615@example.com
Resident0616,City0616,resident0616@example.com
Resident0617,City0617,resident0617@example.com
Resident0618,City0618,resident0618@example.com
Resident0619,City0619,resident0619@example.com
Resident0620,City0620,resident0620@example.com
Resident0621,City0621,resident0621@example.com
Resident0622,City0622,resident0622@example.com
Resident0623,City0623,resident0623@example.com
Resident0624,City0624,resident0624@example.com
Resident0625,City0625,resident0625@example.com
Resident0626,City0626,resident0626@example.com
Resident0627,City0627,resident0627@example.com
Resident0628,City0628,resident0628@example.com
Resident0629,City0629,resident0629@example.com
Resident0630,City0630,resident0630@example.com
Resident0631,City0631,resident0631@example.com
Resident0632,City0632,resident0632@example.com
Resident0633,City0633,resident0633@example.com
Resident0634,City0634,resident0634@example.com
Resident0635,City0635,resident0635@example.com
Resident0636,City0636,resident0636@example.com
Resident0637,City0637,resident0637@example.com
Resident0638,City0638,resident0638@example.com
Resident0639,City0639,resident0639@example.com
Resident0640,City0640,resident0640@example.com
Resident0641,City0641,resident0641@example.com
Resident0642,City0642,resident0642@example.com
Resident0643,City0643,resident0643@example.com
Resident0644,City0644,resident0644@example.com
Resident0645,City0645,resident0645@example.com
Resident0646,City0646,resident0646@example.com
Resident0647,City0647,resident0647@example.com
Resident0648,City0648,resident0648@example.com
Resident0649,City0649,resident0649@example.com
Resident0650,City0650,resident0650@example.com
Resident0651,City0651,resident0651@example.com
Resident0652,City0652,resident0652@example.com
Resident0653,City0653,resident0653@example.com
Resident0654,City0654,resident0654@example.com
Resident0655,City0655,resident0655@example.com
Resident0656,City0656,resident0656@example.com
Resident0657,City0657,resident0657@example.com
Resident0658,City0658,resident0658@example.com
Resident0659,City0659,resident0659@example.com
Resident0660,City0660,resident0660@example.com
Resident0661,City0661,resident0661@example.com
Resident0662,City0662,resident0662@example.com
Resident0663,City0663,resident0663@example.com
Resident0664,City0664,resident0664@example.com
Resident0665,City0665,resident0665@example.com
Resident0666,City0666,resident0666@example.com
Resident0667,City0667,resident0667@example.com
Resident0668,City0668,resident0668@example.com
Resident0669,City0669,resident0669@example.com
Resident0670,City0670,resident0670@example.com
Resident0671,City0671,resident0671@example.com
Resident0672,City0672,resident0672@example.com
Resident0673,City0673,resident0673@example.com
Resident0674,City0674,resident0674@example.com
Resident0675,City0675,resident0675@example.com
Resident0676,City0676,resident0676@example.com
Resident0677,City0677,resident0677@example.com
Resident0678,City0678,resident0678@example.com
Resident0679,City0679,resident0679@example.com
Resident0680,City0680,resident0680@example.com
Resident0681,City0681,resident0681@example.com
Resident0682,City0682,resident0682@example.com
Resident0683,City0683,resident0683@example.com
Resident0684,City0684,resident0684@example.com
Resident0685,City0685,resident0685@example.com
Resident0686,City0686,resident0686@example.com
Resident0687,City0687,resident0687@example.com
Resident0688,City0688,resident0688@example.com
Resident0689,City0689,resident0689@example.com
Resident0690,City0690,resident0690@example.com
Resident0691,City0691,resident0691@example.com
Resident0692,City0692,resident0692@example.com
Resident0693,City0693,resident0693@example.com
Resident0694,City0694,resident0694@example.com
Resident0695,City0695,resident0695@example.com
Resident0696,City0696,resident0696@example.com
Resident0697,City0697,resident0697@example.com
Resident0698,City0698,resident0698@example.com
Resident0699,City0699,resident0699@example.com
Resident0700,City0700,resident0700@example.com
Resident0701,City0701,resident0701@example.com
Resident0702,City0702,resident0702@example.com
Resident0703,City0703,resident0703@example.com
Resident0704,City0704,resident0704@example.com
Resident0705,City0705,resident0705@example.com
Resident0706,City0706,resident0706@example.com
Resident0707,City0707,resident0707@example.com
Resident0708,City0708,resident0708@example.com
Resident0709,City0709,resident0709@example.com
Resident0710,City0710,resident0710@example.com
Resident0711,City0711,resident0711@example.com
Resident0712,City0712,resident0712@example.com
Resident0713,City0713,resident0713@example.com
Resident0714,City0714,resident0714@example.com
Resident0715,City0715,resident0715@example.com
Resident0716,City0716,resident0716@example.com
Resident0717,City0717,resident0717@example.com
Resident0718,City0718,resident0718@example.com
Resident0719,City0719,resident0719@example.com
Resident0720,City0720,resident0720@example.com
Resident0721,City0721,resident0721@example.com
Resident0722,City0722,resident0722@example.com
Resident0723,City0723,resident0723@example.com
Resident0724,City0724,resident0724@example.com
Resident0725,City0725,resident0725@example.com
Resident0726,City0726,resident0726@example.com
Resident0727,City0727,resident0727@example.com
Resident0728,City0728,resident0728@example.com
Resident0729,City0729,resident0729@example.com
Resident0730,City0730,resident0730@example.com
Resident0731,City0731,resident0731@example.com
Resident0732,City0732,resident0732@example.com
Resident0733,City0733,resident0733@example.com
Resident0734,City0734,resident0734@example.com
Resident0735,City0735,resident0735@example.com
Resident0736,City0736,resident0736@example.com
Resident0737,City0737,resident0737@example.com
Resident0738,City0738,resident0738@example.com
Resident0739,City0739,resident0739@example.com
Resident0740,City0740,resident0740@example.com
Resident0741,City0741,resident0741@example.com
Resident0742,City0742,resident0742@example.com
Resident0743,City0743,resident0743@example.com
Resident0744,City0744,resident0744@example.com
Resident0745,City0745,resident0745@example.com
Resident0746,City0746,resident0746@example.com
Resident0747,City0747,resident0747@example.com
Resident0748,City0748,resident0748@example.com
Resident0749,City0749,resident0749@example.com
Resident0750,City0750,resident0750@example.com
Resident0751,City0751,resident0751@example.com
Resident0752,City0752,resident0752@example.com
Resident0753,City0753,resident0753@example.com
Resident0754,City0754,resident0754@example.com
Resident0755,City0755,resident0755@example.com
Resident0756,City0756,resident0756@example.com
Resident0757,City0757,resident0757@example.com
Resident0758,City0758,resident0758@example.com
Resident0759,City0759,resident0759@example.com
Resident0760,City0760,resident0760@example.com
Resident0761,City0761,resident0761@example.com
Resident0762,City0762,resident0762@example.com
Resident0763,City0763,resident0763@example.com
Resident0764,City0764,resident0764@example.com
Resident0765,City0765,resident0765@example.com
Resident0766,City0766,resident0766@example.com
Resident0767,City0767,resident0767@example.com
Resident0768,City0768,resident0768@example.com
Resident0769,City0769,resident0769@example.com
Resident0770,City0770,resident0770@example.com
Resident0771,City0771,resident0771@example.com
Resident0772,City0772,resident0772@example.com
Resident0773,City0773,resident0773@example.com
Resident0774,City0774,resident0774@example.com
Resident0775,City0775,resident0775@example.com
Resident0776,City0776,resident0776@example.com
Resident0777,City0777,resident0777@example.com
Resident0778,City0778,resident0778@example.com
Resident0779,City0779,resident0779@example.com
Resident0780,City0780,resident0780@example.com
Resident0781,City0781,resident0781@example.com
Resident0782,City0782,resident0782@example.com
Resident0783,City0783,resident0783@example.com
Resident0784,City0784,resident0784@example.com
Resident0785,City0785,resident0785@example.com
Resident0786,City0786,resident0786@example.com
Resident0787,City0787,resident0787@example.com
Resident0788,City0788,resident0788@example.com
Resident0789,City0789,resident0789@example.com
Resident0790,City0790,resident0790@example.com
Resident0791,City0791,resident0791@example.com
Resident0792,City0792,resident0792@example.com
Resident0793,City0793,resident0793@example.com
Resident0794,City0794,resident0794@example.com
Resident0795,City0795,resident0795@example.com
Resident0796,City0796,resident0796@example.com
Resident0797,City0797,resident0797@example.com
Resident0798,City0798,resident0798@example.com
Resident0799,City0799,resident0799@example.com
Resident0800,City0800,resident0800@example.com
Resident0801,City0801,resident0801@example.com
Resident0802,City0802,resident0802@example.com
Resident0803,City0803,resident0803@example.com
Resident0804,City0804,resident0804@example.com
Resident0805,City0805,resident0805@example.com
Resident0806,City0806,resident0806@example.com
Resident0807,City0807,resident0807@example.com
Resident0808,City0808,resident0808@example.com
Resident0809,City0809,resident0809@example.com
Resident0810,City0810,resident0810@example.com
Resident0811,City0811,resident0811@example.com
Resident0812,City0812,resident0812@example.com
Resident0813,City0813,resident0813@example.com
Resident0814,City0814,resident0814@example.com
Resident0815,City0815,resident0815@example.com
Resident0816,City0816,resident0816@example.com
Resident0817,City0817,resident0817@example.com
Resident0818,City0818,resident0818@example.com
Resident0819,City0819,resident0819@example.com
Resident0820,City0820,resident0820@example.com
Resident0821,City0821,resident0821@example.com
Resident0822,City0822,resident0822@example.com
Resident0823,City0823,resident0823@example.com
Resident0824,City0824,resident0824@example.com
Resident0825,City0825,resident0825@example.com
Resident0826,City0826,resident0826@example.com
Resident0827,City0827,resident0827@example.com
Resident0828,City0828,resident0828@example.com
Resident0829,City0829,resident0829@example.com
Resident0830,City0830,resident0830@example.com
Resident0831,City0831,resident0831@example.com
Resident0832,City0832,resident0832@example.com
Resident0833,City0833,resident0833@example.com
Resident0834,City0834,resident0834@example.com
Resident0835,City0835,resident0835@example.com
Resident0836,City0836,resident0836@example.com
Resident0837,City0837,resident0837@example.com
Resident0838,City0838,resident0838@example.com
Resident0839,City0839,resident0839@example.com
Resident0840,City0840,resident0840@example.com
Resident0841,City0841,resident0841@example.com
Resident0842,City0842,resident0842@example.com
Resident0843,City0843,resident0843@example.com
Resident0844,City0844,resident0844@example.com
Resident0845,City0845,resident0845@example.com
Resident0846,City0846,resident0846@example.com
Resident0847,City0847,resident0847@example.com
Resident0848,City0848,resident0848@example.com
Resident0849,City0849,resident0849@example.com
Resident0850,City0850,resident0850@example.com
Resident0851,City0851,resident0851@example.com
Resident0852,City0852,resident0852@example.com
Resident0853,City0853,resident0853@example.com
Resident0854,City0854,resident0854@example.com
Resident0855,City0855,resident0855@example.com
Resident0856,City0856,resident0856@example.com
Resident0857,City0857,resident0857@example.com
Resident0858,City0858,resident0858@example.com
Resident0859,City0859,resident0859@example.com
Resident0860,City0860,resident0860@example.com
Resident0861,City0861,resident0861@example.com
Resident0862,City0862,resident0862@example.com
Resident0863,City0863,resident0863@example.com
Resident0864,City0864,resident0864@example.com
Resident0865,City0865,resident0865@example.com
Resident0866,City0866,resident0866@example.com
Resident0867,City0867,resident0867@example.com
Resident0868,City0868,resident0868@example.com
Resident0869,City0869,resident0869@example.com
Resident0870,City0870,resident0870@example.com
Resident0871,City0871,resident0871@example.com
Resident0872,City0872,resident0872@example.com
Resident0873,City0873,resident0873@example.com
Resident0874,City0874,resident0874@example.com
Resident0875,City0875,resident0875@example.com
Resident0876,City0876,resident0876@example.com
Resident0877,City0877,resident0877@example.com
Resident0878,City0878,resident0878@example.com
Resident0879,City0879,resident0879@example.com
Resident0880,City0880,resident0880@example.com
Resident0881,City0881,resident0881@example.com
Resident0882,City0882,resident0882@example.com
Resident0883,City0883,resident0883@example.com
Resident0884,City0884,resident0884@example.com
Resident0885,City0885,resident0885@example.com
Resident0886,City0886,resident0886@example.com
Resident0887,City0887,resident0887@example.com
Resident0888,City0888,resident0888@example.com
Resident0889,City0889,resident0889@example.com
Resident0890,City0890,resident0890@example.com
Resident0891,City0891,resident0891@example.com
Resident0892,City0892,resident0892@example.com
Resident0893,City0893,resident0893@example.com
Resident0894,City0894,resident0894@example.com
Resident0895,City0895,resident0895@example.com
Resident0896,City0896,resident0896@example.com
Resident0897,City0897,resident0897@example.com
Resident0898,City0898,resident0898@example.com
Resident0899,City0899,resident0899@example.com
Resident0900,City0900,resident0900@example.com
Resident0901,City0901,resident0901@example.com
Resident0902,City0902,resident0902@example.com
Resident0903,City0903,resident0903@example.com
Resident0904,City0904,resident0904@example.com
Resident0905,City0905,resident0905@example.com
Resident0906,City0906,resident0906@example.com
Resident0907,City0907,resident0907@example.com
Resident0908,City0908,resident0908@example.com
Resident0909,City0909,resident0909@example.com
Resident0910,City0910,resident0910@example.com
Resident0911,City0911,resident0911@example.com
Resident0912,City0912,resident0912@example.com
Resident0913,City0913,resident0913@example.com
Resident0914,City0914,resident0914@example.com
Resident0915,City0915,resident0915@example.com
Resident0916,City0916,resident0916@example.com
Resident0917,City0917,resident0917@example.com
Resident0918,City0918,resident0918@example.com
Resident0919,City0919,resident0919@example.com
Resident0920,City0920,resident0920@example.com
Resident0921,City0921,resident0921@example.com
Resident0922,City0922,resident0922@example.com
Resident0923,City0923,resident0923@example.com
Resident0924,City0924,resident0924@example.com
Resident0925,City0925,resident0925@example.com
Resident0926,City0926,resident0926@example.com
Resident0927,City0927,resident0927@example.com
Resident0928,City0928,resident0928@example.com
Resident0929,City0929,resident0929@example.com
Resident0930,City0930,resident0930@example.com
Resident0931,City0931,resident0931@example.com
Resident0932,City0932,resident0932@example.com
Resident0933,City0933,resident0933@example.com
Resident0934,City0934,resident0934@example.com
Resident0935,City0935,resident0935@example.com
Resident0936,City0936,resident0936@example.com
Resident0937,City0937,resident0937@example.com
Resident0938,City0938,resident0938@example.com
Resident0939,City0939,resident0939@example.com
Resident0940,City0940,resident0940@example.com
Resident0941,City0941,resident0941@example.com
Resident0942,City0942,resident0942@example.com
Resident0943,City0943,resident0943@example.com
Resident0944,City0944,resident0944@example.com
Resident0945,City0945,resident0945@example.com
Resident0946,City0946,resident0946@example.com
Resident0947,City0947,resident0947@example.com
Resident0948,City0948,resident0948@example.com
Resident0949,City0949,resident0949@example.com
Resident0950,City0950,resident0950@example.com
Resident0951,City0951,resident0951@example.com
Resident0952,City0952,resident0952@example.com
Resident0953,City0953,resident0953@example.com
Resident0954,City0954,resident0954@example.com
Resident0955,City0955,resident0955@example.com
Resident0956,City0956,resident0956@example.com
Resident0957,City0957,resident0957@example.com
Resident0958,City0958,resident0958@example.com
Resident0959,City0959,resident0959@example.com
Resident0960,City0960,resident0960@example.com
Resident0961,City0961,resident0961@example.com
Resident0962,City0962,resident0962@example.com
Resident0963,City0963,resident0963@example.com
Resident0964,City0964,resident0964@example.com
Resident0965,City0965,resident0965@example.com
Resident0966,City0966,resident0966@example.com
Resident0967,City0967,resident0967@example.com
Resident0968,City0968,resident0968@example.com
Resident0969,City0969,resident0969@example.com
Resident0970,City0970,resident0970@example.com
Resident0971,City0971,resident0971@example.com
Resident0972,City0972,resident0972@example.com
Resident0973,City0973,resident0973@example.com
Resident0974,City0974,resident0974@example.com
Resident0975,City0975,resident0975@example.com
Resident0976,City0976,resident0976@example.com
Resident0977,City0977,resident0977@example.com
Resident0978,City0978,resident0978@example.com
Resident0979,City0979,resident0979@example.com
Resident0980,City0980,resident0980@example.com
Resident0981,City0981,resident0981@example.com
Resident0982,City0982,resident0982@example.com
Resident0983,City0983,resident0983@example.com
Resident0984,City0984,resident0984@example.com
Resident0985,City0985,resident0985@example.com
Resident0986,City0986,resident0986@example.com
Resident0987,City0987,resident0987@example.com
Resident0988,City0988,resident0988@example.com
Resident0989,City0989,resident0989@example.com
Resident0990,City0990,resident0990@example.com
Resident0991,City0991,resident0991@example.com
Resident0992,City0992,resident0992@example.com
Resident0993,City0993,resident0993@example.com
Resident0994,City0994,resident0994@example.com
Resident0995,City0995,resident0995@example.com
Resident0996,City0996,resident0996@example.com
Resident0997,City0997,resident0997@example.com
Resident0998,City0998,resident0998@example.com
Resident0999,City0999,resident0999@example.com
Resident1000,City1000,resident1000@example.com
Resident1001,City1001,resident1001@example.com
Resident1002,City1002,resident1002@example.com
Resident1003,City1003,resident1003@example.com
Resident1004,City1004,resident1004@example.com
